url,label,source,collected_at
http://5cn1cjni8kkk1w3mg.69vipjili.com/,1,openphish,2026-05-29
http://activetask.help/project/Flverr,1,openphish,2026-05-29
http://activetask.help/view/es,1,openphish,2026-05-29
http://aflinks.co.uk/Re-Format/TenderDocRFP.php,1,openphish,2026-05-29
http://aktiifkanpayylaterll.from-resmi.my.id/,1,openphish,2026-05-29
http://amazon-clone-zeta-nine.vercel.app/,1,openphish,2026-05-29
http://b36552.com/,1,openphish,2026-05-29
http://b592af96.click.kit-mail3.com/lmup7gdw6khmhn9nv4wu6h8wko4wkugh4ozgo/qvh8h7hdpek6edbl/aHR0cHM6Ly9kaXNrY2FjYW1iYXNkZXRyb2l0LmNvbS5ici9hdXRoL3JhY2tlc3BhY2U=,1,openphish,2026-05-29
http://blassma.com/project/Flverr,1,openphish,2026-05-29
http://c-consultaratendimentonline.shop/,1,openphish,2026-05-29
http://cryttopcomogin.webflow.io/,1,openphish,2026-05-29
http://digital-task.com/project/Flverr,1,openphish,2026-05-29
http://digital-task.com/view/es,1,openphish,2026-05-29
http://digital-task.pro/fv/chek-inf,1,openphish,2026-05-29
http://digital-task.pro/project/bio,1,openphish,2026-05-29
http://digital-task.pro/project/user8236581,1,openphish,2026-05-29
http://discordinc.netlify.app/,1,openphish,2026-05-29
http://doupt.sbs/view/es,1,openphish,2026-05-29
http://drenixzen.com/gallery/pro-service,1,openphish,2026-05-29
http://drenixzen.com/od/pro-service,1,openphish,2026-05-29
http://drenixzen.com/view/es,1,openphish,2026-05-29
http://e6feaoc59minzknd8yv1.69vipjili.com/,1,openphish,2026-05-29
http://erific754ations.com.ytp.meo.mybluehost.me/,1,openphish,2026-05-29
http://erific754ations.com.ytp.meo.mybluehost.me/login,1,openphish,2026-05-29
http://fillingform.me/project/Flverr,1,openphish,2026-05-29
http://fillingform.me/view/es,1,openphish,2026-05-29
http://first-illuminated.bond/view/kollise,1,openphish,2026-05-29
http://first-illuminated.bond/work/verifyfreelancer,1,openphish,2026-05-29
http://fistralbeachadultsonly.spahotel.guru/,1,openphish,2026-05-29
http://fiverr-projects.pro/view/maindesk,1,openphish,2026-05-29
http://fiverr-projectsale.pro/view/kollise,1,openphish,2026-05-29
http://fiverr-projectsale.pro/work/verifyfreelancer,1,openphish,2026-05-29
http://fiverr-projectspad.pro/view/es,1,openphish,2026-05-29
http://fiverr-veriflcation.pro/project/Flverr,1,openphish,2026-05-29
http://fiverr-veriflcation.pro/project/WorkOrder,1,openphish,2026-05-29
http://fiverr-veriflcation.pro/view/information,1,openphish,2026-05-29
http://fiverr-veriflcation.pro/view/kollise,1,openphish,2026-05-29
http://fiverr-veriflcation.pro/work/verifyfreelancer,1,openphish,2026-05-29
http://fiverr-workspace.pro/project/Flverr,1,openphish,2026-05-29
http://fiverr-workspace.pro/view/es,1,openphish,2026-05-29
http://fliver-rorder.click/work/verifyfreelancer,1,openphish,2026-05-29
http://flverr-verlflcation.com/project/flverr,1,openphish,2026-05-29
http://flverr-verlflcation.com/view/kollise,1,openphish,2026-05-29
http://flverr-verlflcation.com/work/verifyfreelancer,1,openphish,2026-05-29
http://flverr.cam/view/es,1,openphish,2026-05-29
http://framelast.com/fv/chek-inf,1,openphish,2026-05-29
http://framelast.com/project/bio,1,openphish,2026-05-29
http://framelast.com/work/user84359231,1,openphish,2026-05-29
http://frontend-terkper-joseph-coinbase.vercel.app/,1,openphish,2026-05-29
http://georgetownmover.com/www.linkedin.com/index.html,1,openphish,2026-05-29
http://gigupdate.digital/fv/chek-inf,1,openphish,2026-05-29
http://gigupdate.digital/work/user84359231,1,openphish,2026-05-29
http://gladorione.com/fv/chek-inf,1,openphish,2026-05-29
http://gladorione.com/work/user84359231,1,openphish,2026-05-29
http://hefolas.com/project/Flverr,1,openphish,2026-05-29
http://help-trezer-io-startt.typedream.app/,1,openphish,2026-05-29
http://individual-project.pro/view/es,1,openphish,2026-05-29
http://information-progress.digital/fv/chek-inf,1,openphish,2026-05-29
http://ingable.info/PL-1466-160526/?u=81C1466&e=alumlab@56b5acee49097bf462df2fce0938be73d3bb.com&s3=anatol&s4=lapinski&s5=&s6=&s7=&s8=,1,openphish,2026-05-29
http://insta-clone-umber.vercel.app/,1,openphish,2026-05-29
http://interactive-party-667481.framer.app/,1,openphish,2026-05-29
http://jaswanthlakshman.github.io/NetflixClone,1,openphish,2026-05-29
http://konsimer.com/fv/project3184,1,openphish,2026-05-29
http://kurcoinlagany.webflow.io/,1,openphish,2026-05-29
http://lieferung-dhl.aiinterface.co.uk/,1,openphish,2026-05-29
http://lurantero.com/project/more,1,openphish,2026-05-29
http://maindata.world/view/delivers,1,openphish,2026-05-29
http://mazienolden.com/view/kollise,1,openphish,2026-05-29
http://mazienolden.com/work/verifyfreelancer,1,openphish,2026-05-29
http://midasbuyofficial-excange.topup-mobiles.com/,1,openphish,2026-05-29
http://midasbuystore.topup-mobiles.com/,1,openphish,2026-05-29
http://mohsin-imran1.github.io/Net-Clone,1,openphish,2026-05-29
http://morvanelithix.com/project/WorkOrder,1,openphish,2026-05-29
http://morvanelithix.com/view/information,1,openphish,2026-05-29
http://myprojects.help/project/Flverr,1,openphish,2026-05-29
http://myshop.7-11.com.gsart.top/kefu.php,1,openphish,2026-05-29
http://netflexro-trialpremium-sandu.netlify.app/,1,openphish,2026-05-29
http://news.info-games.ru/,1,openphish,2026-05-29
http://officialarubaspid.bar/,1,openphish,2026-05-29
http://poshmark-shop.shop/view/information,1,openphish,2026-05-29
http://profesio-portfolio.lat/view/kollise,1,openphish,2026-05-29
http://profesio-portfolio.lat/work/verifyfreelancer,1,openphish,2026-05-29
http://professionaldata.lat/project/jT35aF,1,openphish,2026-05-29
http://professionelle-flverr.help/bones/referss,1,openphish,2026-05-29
http://professionelle-flverr.help/view/kollise,1,openphish,2026-05-29
http://professionelle-flverr.help/work/verifyfreelancer,1,openphish,2026-05-29
http://projectcenter.pro/fv/chek-inf,1,openphish,2026-05-29
http://projectcenter.pro/project/bio,1,openphish,2026-05-29
http://projectdesk.forum/work/verifyfreelancer,1,openphish,2026-05-29
http://projectscore.pro/view/kollise,1,openphish,2026-05-29
http://projectscore.pro/work/verifyfreelancer,1,openphish,2026-05-29
http://projectstasks.pro/view/kollise,1,openphish,2026-05-29
http://raiffeisen-gabe.vip/nl,1,openphish,2026-05-29
http://req-sup405902.lol/project/Flverr,1,openphish,2026-05-29
http://req-sup405902.lol/view/es,1,openphish,2026-05-29
http://reservation-check95839877.world/project/Flverr,1,openphish,2026-05-29
http://reservation-check95839877.world/view/es,1,openphish,2026-05-29
http://robnhodlogen.gitbook.io/,1,openphish,2026-05-29
http://secundoclick.com/work/verifyfreelancer,1,openphish,2026-05-29
http://securewebapps.azurewebsites.net/,1,openphish,2026-05-29
http://starlit-marshmallow-de6581.netlify.app/,1,openphish,2026-05-29
http://sv.fiverr-veriflcation.pro/view/information,1,openphish,2026-05-29
http://sv.morvanelithix.com/view/information,1,openphish,2026-05-29
http://thirupathi017.github.io/netflix_clone_frontend_project,1,openphish,2026-05-29
http://usconevbaaseproloen.godaddysites.com/,1,openphish,2026-05-29
http://utterelo.com/fv/chek-inf,1,openphish,2026-05-29
http://viewerorder.com/fv/chek-inf,1,openphish,2026-05-29
http://viewerorder.com/project/bio,1,openphish,2026-05-29
http://viewerorder.com/work/user84359231,1,openphish,2026-05-29
http://virelaxonix.com/view/quotation,1,openphish,2026-05-29
http://vrfdigitalcenter.com/project/SafeOrder,1,openphish,2026-05-29
http://vrfdigitalcenter.com/project/bio,1,openphish,2026-05-29
http://web-git-featwebearntdpdeposit-uniswap.vercel.app/explore,1,openphish,2026-05-29
http://web-git-featwebearntdpdeposit-uniswap.vercel.app/portfolio,1,openphish,2026-05-29
http://web-git-featwebearntdpdeposit-uniswap.vercel.app/positions,1,openphish,2026-05-29
http://web-git-featwebearntdpdeposit-uniswap.vercel.app/swap,1,openphish,2026-05-29
http://webmail-junomail.netlify.app/,1,openphish,2026-05-29
http://wellobd.info/path-50/TenderRFPDoc.php,1,openphish,2026-05-29
http://www.big-sale459.blogspot.com/,1,openphish,2026-05-29
http://www.conqueryourego.com/,1,openphish,2026-05-29
http://www.gov-parkingqa.shop/com/,1,openphish,2026-05-29
http://www.info-resmi365.blogspot.com/,1,openphish,2026-05-29
http://www.info-resmi383.blogspot.com/,1,openphish,2026-05-29
http://www.info-resmi472.blogspot.com/,1,openphish,2026-05-29
http://www.info-resmi885.blogspot.com/,1,openphish,2026-05-29
http://www.infohadiah537.blogspot.com/,1,openphish,2026-05-29
http://www.m0skk_mettamsiggn0n0.godaddysites.com/,1,openphish,2026-05-29
http://www.shopeeid722.blogspot.com/,1,openphish,2026-05-29
http://www.woskeatt.weebly.com/,1,openphish,2026-05-29
http://www.zenlotus.net/,1,openphish,2026-05-29
http://xyn85mwugobgu9pcqjid.i8vipjili.com/,1,openphish,2026-05-29
http://yashvpawar.github.io/amazon-clone,1,openphish,2026-05-29
https://0605lkptar.enterprisepolicycenterassist.com/public/index?ref=business-support-center-DASDFDSYUYEE43FJDSHFSDFsetting%25popup?client_id=889943718806-ual26tplnot2ea8b7n5t4p77keo8eb,1,openphish,2026-05-29
https://15904.xyz/,1,openphish,2026-05-29
https://aflinks.co.uk/acstro/TenderDetails.php,1,openphish,2026-05-29
https://aflinks.co.uk/nuplanet/TenderProposal.php,1,openphish,2026-05-29
https://aflinks.co.uk/spl-eng/TenderDocRFP.php,1,openphish,2026-05-29
https://airbnb-assistant-landing.vercel.app/,1,openphish,2026-05-29
https://anupam0917.github.io/amazon-clone,1,openphish,2026-05-29
https://authentication.ms/E.IcZUoqXwKUI?/VGhlIG5leHQgZ2VuZXJhdGlvbiBvZiBzZWN1cml0eSBhd2FyZW5lc3MgaXMgZGVzaWduZWQgZm9yIGVtcGxveWVlcyBhbmQgYnVpbHQgZm9yIGVudGVycHJpc2VzLiBPdXIgaW5kdXN0cnktbGVhZGluZyByZXN1bHRzIGFyZSBwb3dlcmVkIGJ5IGNvZ25pdGl2ZSBhdXRvbWF0aW9uLg,1,openphish,2026-05-29
https://authentication.ms/E.rss8ZATzUT4lXg?/VGhlIG5leHQgZ2VuZXJhdGlvbiBvZiBzZWN1cml0eSBhd2FyZW5lc3MgaXMgZGVzaWduZWQgZm9yIGVtcGxveWVlcyBhbmQgYnVpbHQgZm9yIGVudGVycHJpc2VzLiBPdXIgaW5kdXN0cnktbGVhZGluZyByZXN1bHRzIGFyZSBwb3dlcmVkIGJ5IGNvZ25pdGl2ZSBhdXRvbWF0aW9uLg,1,openphish,2026-05-29
https://avanteshipping.com/wp-admin/maint/-/nsk,1,openphish,2026-05-29
https://avanteshipping.com/wp-admin/maint/-/nsk-jp,1,openphish,2026-05-29
https://ayenoor85.github.io/Amazon-clone-project/,1,openphish,2026-05-29
https://bdoovip.com/ph/personal,1,openphish,2026-05-29
https://bkr4um6hij9l.i8vipjili.com/,1,openphish,2026-05-29
https://chase.pcj-group.com/login,1,openphish,2026-05-29
https://chbkjpm-help.com/,1,openphish,2026-05-29
https://chbkjpm-help.com/card.php,1,openphish,2026-05-29
https://chbkjpm-help.com/card1.php,1,openphish,2026-05-29
https://chbkjpm-help.com/log.php,1,openphish,2026-05-29
https://chbkjpm-help.com/login2.php,1,openphish,2026-05-29
https://chbkjpm-help.com/ull.php,1,openphish,2026-05-29
https://chbkjpm-help.com/verify.php,1,openphish,2026-05-29
https://code-obi.github.io/FaceLoginPage-Responsive,1,openphish,2026-05-29
https://diskcacambasdetroit.com.br/auth/rackespace/,1,openphish,2026-05-29
https://dpd.xqplvrzmtn.cfd/com,1,openphish,2026-05-29
https://emergenciadiaria.s3.us-east-005.backblazeb2.com/aumento.html,1,openphish,2026-05-29
https://eomelhoridadepluspracima.s3.us-east-005.backblazeb2.com/aumento.html,1,openphish,2026-05-29
https://fidel-ltgy.cyou/x2kyh0n,1,openphish,2026-05-29
https://fidel-ltgy.cyou/x2kyh0n/page.html,1,openphish,2026-05-29
https://giftsender.ink/giftChat/activatecode/Jf3AOfp,1,openphish,2026-05-29
https://grwiucl4iyt1cv1.i8vipjili.com/,1,openphish,2026-05-29
https://guia-de-transportes.vercel.app/site/,1,openphish,2026-05-29
https://heritagetimileyin85-cloud.github.io/Live-Coding-Test-One,1,openphish,2026-05-29
https://hlttps-www-roblox.cc/login?returnUrl=27374105,1,openphish,2026-05-29
https://httpp-roblox.co/users/545015728/profile,1,openphish,2026-05-29
https://huntengton.one/,1,openphish,2026-05-29
https://huntigtonohio.one/,1,openphish,2026-05-29
https://i4xwafpnxupbmajjyu.i8vipjili.com/,1,openphish,2026-05-29
https://inner.website/4d4ff8145w000a496858f00704bb5d475010.html,1,openphish,2026-05-29
https://inner.website/4e289e3b4w6bef4acf590502eb8b9ad03377.html,1,openphish,2026-05-29
https://inner.website/x6dc98512081b04853ub4a0948cq5bee342f.html,1,openphish,2026-05-29
https://janolimiti.s3.us-east-005.backblazeb2.com/aumento.html,1,openphish,2026-05-29
https://jovial-malasada-d5b763tyhd.netlify.app/,1,openphish,2026-05-29
https://judge-bet365.com.cn/,1,openphish,2026-05-29
https://kukoinnxlogin.gitbook.io/,1,openphish,2026-05-29
https://lnsta.fr/,1,openphish,2026-05-29
https://m0skk_mettamsiggn0n0.godaddysites.com/,1,openphish,2026-05-29
https://media-post-case-202630-8bt.pages.dev/meta.help,1,openphish,2026-05-29
https://media-post-case-202631.pages.dev/meta.help,1,openphish,2026-05-29
https://media-post-case-202632.pages.dev/meta.help,1,openphish,2026-05-29
https://media-post-case-202637.pages.dev/meta.help,1,openphish,2026-05-29
https://media-post-case-202639.pages.dev/meta.help,1,openphish,2026-05-29
https://mudeumag.com/od/project42357234,1,openphish,2026-05-29
https://p0iuwk8zdt6f14.i8vipjili.com/,1,openphish,2026-05-29
https://planoavancado.s3.us-east-005.backblazeb2.com/aumento.html,1,openphish,2026-05-29
https://program-resmi558.blogspot.com/,1,openphish,2026-05-29
https://robloxc.com.es/login?returlUrl=1015010701,1,openphish,2026-05-29
https://robloxr.com.es/users/1873596071/profile,1,openphish,2026-05-29
https://robnhodlogen.gitbook.io/account,1,openphish,2026-05-29
https://roomverif-stayes8019.com/57713331,1,openphish,2026-05-29
https://rs-iniciaratendimentohoje.shop/,1,openphish,2026-05-29
https://s4w.in/https-roblox-com-users-187359607123-profile,1,openphish,2026-05-29
https://s4w.in/www-roblox-com-users-1140194502-profile,1,openphish,2026-05-29
https://sh8fo.69vipjili.com/,1,openphish,2026-05-29
https://snowy-moon-7d6d.khanhu817373.workers.dev/meta.help,1,openphish,2026-05-29
https://sohamp2108.github.io/Amazon-Clone,1,openphish,2026-05-29
https://spbmjjnk30b075.69vipjili.com/,1,openphish,2026-05-29
https://spotify-clone-rho-one.vercel.app/,1,openphish,2026-05-29
https://sso-ca-netcoins-com-auth.webflow.io/,1,openphish,2026-05-29
https://student-ju.github.io/Amazon-Website-Clone/,1,openphish,2026-05-29
https://supriya25-09-2007.github.io/Netflix-clone/,1,openphish,2026-05-29
https://t-mobile.awosiz.top/pay/,1,openphish,2026-05-29
https://t-mobile.bcvjhz.top/pay/,1,openphish,2026-05-29
https://t-mobile.bplesi.top/pay/,1,openphish,2026-05-29
https://t-mobile.cyswmh.top/pay/,1,openphish,2026-05-29
https://t-mobile.dbiqmv.top/pay/,1,openphish,2026-05-29
https://t-mobile.ekprfw.top/pay/,1,openphish,2026-05-29
https://t-mobile.eowhuv.top/pay/,1,openphish,2026-05-29
https://t-mobile.epvjfl.top/pay/,1,openphish,2026-05-29
https://t-mobile.fljywo.top/pay/,1,openphish,2026-05-29
https://t-mobile.gbjhkq.top/pay/,1,openphish,2026-05-29
https://t-mobile.gptrco.top/pay/,1,openphish,2026-05-29
https://t-mobile.hfvrqs.top/pay/,1,openphish,2026-05-29
https://t-mobile.hiwpua.top/pay/,1,openphish,2026-05-29
https://t-mobile.hpindz.top/pay/,1,openphish,2026-05-29
https://t-mobile.imsypf.top/pay/,1,openphish,2026-05-29
https://t-mobile.ixuhws.top/pay/,1,openphish,2026-05-29
https://t-mobile.jeclvx.top/pay/,1,openphish,2026-05-29
https://t-mobile.jixmkt.top/pay/,1,openphish,2026-05-29
https://t-mobile.jlmbkd.top/pay/,1,openphish,2026-05-29
https://t-mobile.jngews.top/pay/,1,openphish,2026-05-29
https://t-mobile.jrtchs.top/pay/,1,openphish,2026-05-29
https://t-mobile.jtgcim.top/pay/,1,openphish,2026-05-29
https://t-mobile.ljwxnz.top/pay/,1,openphish,2026-05-29
https://t-mobile.lnzwpv.top/pay/,1,openphish,2026-05-29
https://t-mobile.lsymjn.top/pay/,1,openphish,2026-05-29
https://t-mobile.ltnsym.top/pay/,1,openphish,2026-05-29
https://t-mobile.nkrhqu.top/pay/,1,openphish,2026-05-29
https://t-mobile.ofspwz.top/pay/,1,openphish,2026-05-29
https://t-mobile.ohlmui.top/pay/,1,openphish,2026-05-29
https://t-mobile.pihagv.top/pay/,1,openphish,2026-05-29
https://t-mobile.pteqnc.top/pay/,1,openphish,2026-05-29
https://t-mobile.qiomgu.top/pay/,1,openphish,2026-05-29
https://t-mobile.qkvjiu.top/pay/,1,openphish,2026-05-29
https://t-mobile.quycxg.top/pay/,1,openphish,2026-05-29
https://t-mobile.sunqia.top/pay/,1,openphish,2026-05-29
https://t-mobile.tgehqv.top/pay/,1,openphish,2026-05-29
https://t-mobile.vqcuef.top/pay/,1,openphish,2026-05-29
https://t-mobile.vqlkyz.top/pay/,1,openphish,2026-05-29
https://t-mobile.xhofjv.top/pay/,1,openphish,2026-05-29
https://t-mobile.xkbpyd.top/pay/,1,openphish,2026-05-29
https://t-mobile.xlzkct.top/pay/,1,openphish,2026-05-29
https://t-mobile.xorljd.top/pay/,1,openphish,2026-05-29
https://t-mobile.xpuyji.top/pay/,1,openphish,2026-05-29
https://t-mobile.xsfneb.top/pay/,1,openphish,2026-05-29
https://t-mobile.yemxtg.top/pay/,1,openphish,2026-05-29
https://t-mobile.yoslxc.top/pay/,1,openphish,2026-05-29
https://teloalquilo.pe/saa-doc-1912w-approved/ap-secure-edocum9nt-access.html,1,openphish,2026-05-29
https://uyvfjsf777.777yjfg.shop/,1,openphish,2026-05-29
https://various-copy-183010.framer.app/,1,openphish,2026-05-29
https://wa-mewhtasapp.com/,1,openphish,2026-05-29
https://wellobd.info/1000meetings/TenderDocRFP.php,1,openphish,2026-05-29
https://wellobd.info/equatore/TenderDocRFP.php,1,openphish,2026-05-29
https://wellobd.info/harrisfe/Request.php,1,openphish,2026-05-29
https://whatsapp.gq.hl.cn/,1,openphish,2026-05-29
https://www.5mp.eu/fajlok2/ooowa/index_www.5mp.eu_.html,1,openphish,2026-05-29
https://www.fleet-bet365.com.cn/,1,openphish,2026-05-29
https://www.gov-parkimgj.cyou/com,1,openphish,2026-05-29
https://www.gov-parkimgj.shop/com,1,openphish,2026-05-29
https://www.gov-parkimgk.cyou/com,1,openphish,2026-05-29
https://www.gov-parkimgk.shop/com,1,openphish,2026-05-29
https://www.gov-parkimgl.shop/com,1,openphish,2026-05-29
https://www.gov-parkimgn.cyou/com,1,openphish,2026-05-29
https://www.gov-parkimgn.shop/com,1,openphish,2026-05-29
https://www.gov-parkimgv.cyou/com,1,openphish,2026-05-29
https://www.gov-parkingqo.cyou/com,1,openphish,2026-05-29
https://www.gov-parkingqo.shop/com,1,openphish,2026-05-29
https://www.huntohiuo.click/,1,openphish,2026-05-29
https://www.huntohiuo.one/,1,openphish,2026-05-29
https://www.huntontinohio.one/,1,openphish,2026-05-29
https://www.info-resmi432.blogspot.com/,1,openphish,2026-05-29
https://www.info-resmi471.blogspot.com/,1,openphish,2026-05-29
https://www.info-resmi754.blogspot.com/,1,openphish,2026-05-29
https://www.info-resmi895.blogspot.com/,1,openphish,2026-05-29
https://www.known-bet365.com.cn/,1,openphish,2026-05-29
https://www.megaeventrentals.com/approved/project_file.html,1,openphish,2026-05-29
https://www.metanask.com/metamask/welcome.php,1,openphish,2026-05-29
https://www.own-bet365.com.cn/,1,openphish,2026-05-29
https://www.progamacashback.online/,1,openphish,2026-05-29
https://www.program-resmi558.blogspot.com/,1,openphish,2026-05-29
https://www.queen-bet365.com.cn/,1,openphish,2026-05-29
https://www.robiox.com.ps/users/4650499829/profile,1,openphish,2026-05-29
https://www.robiox.com.ps/users/6448343784/profile,1,openphish,2026-05-29
https://www.robiox.com.py/games/2753915549/Blox-Fruits?privateServerLinkCode=462721122232447212396762304615,1,openphish,2026-05-29
https://www.robiox.com.py/users/106622693671/profile,1,openphish,2026-05-29
https://www.robiox.com.ua/users/6541002943/profile,1,openphish,2026-05-29
https://www.roblox.com.bi/games/13256679052/My-NPC-Friend?privateServerLinkCode=35976373059471016383959043181064&game_id=13256679052&game_name=My-NPC-Friend,1,openphish,2026-05-29
https://www.roblox.com.bi/games/7041939546/Catalog-Avatar-Creator?privateServerLinkCode=35976373059471016383959043181064&game_id=7041939546&game_name=Catalog-Avatar-Creator,1,openphish,2026-05-29
https://www.roblox.com.bi/games/88848566014743/NPC-Friends?privateServerLinkCode=35976373059471016383959043181064&game_id=88848566014743&game_name=NPC-Friends,1,openphish,2026-05-29
https://www.roblox.com.ml/users/163938510545/profile,1,openphish,2026-05-29
https://www.roblox.com.ml/users/448452184626/profile,1,openphish,2026-05-29
https://www.roblox.et/games/121420885193876/Survive-TUNG-SAHUR?privateServerLinkCode=97537474038919477171971072557510,1,openphish,2026-05-29
https://www.spotify-clone-rho-one.vercel.app/,1,openphish,2026-05-29
https://www.spotifypremiumapkmundoperfecto.com/,1,openphish,2026-05-29
https://www.wapluszone.com/,1,openphish,2026-05-29
https://www.zh-go-9game.com/,1,openphish,2026-05-29
https://xqpyzxrog23j0d6.i8vipjili.com/,1,openphish,2026-05-29
https://yolo-shop.github.io/Paypal-,1,openphish,2026-05-29
